{"cameraMode":{"drawMode":0,"name":"Shaded","section":"Shading Mode"},"sceneLighting":true,"audioPlay":false,"sceneViewState":{"showFog":true,"showMaterialUpdate":false,"showSkybox":true,"showFlares":true,"showImageEffects":true,"showParticleSystems":true},"in2DMode":false,"pivot":{"x":-0.5168771743774414,"y":1.0304995775222779,"z":1.6500767469406129},"rotation":{"x":0.20577391982078553,"y":-0.4104198217391968,"z":0.09561947733163834,"w":0.8832180500030518},"size":6.0073957443237309,"orthographic":false}